A,B,C,D,E,F,G,H
A,B,C,D,E,F,G,H
A,B,C,D,E,F,G,H
A,B,C,D,E,F,G,H
A,B,C,D,E,F,G,H
A,B,C,D,E,F,G,H
A,B,C,D,E,F,G,H
A,B,C,D,E,F,G,H
A,B,C,D,E,F,G,H
A,B,C,D,E,F,G,H
A,B,C,D,E,F,G,H
A,B,C,D,E,F,G,H
A,B,C,D,E,F,G,H
A,B,C,D,E,F,G,H
A,B,C,D,E,F,G,H
A,B,C,D,E,F,G,H
A,B,C,D,E,F,G,H
A,B,C,D,E,F,G,H
A,B,C,D,E,F,H,G
A,B,C,D,E,F,H,G
A,B,C,D,E,F,H,G
A,B,C,D,E,F,H,G
A,B,C,D,E,F,H,G
A,B,C,D,E,F,H,G
A,B,C,D,E,F,H,G
A,B,C,D,E,F,H,G
A,B,C,D,E,F,H,G
A,B,C,D,E,F,H,G
A,B,C,D,E,F,H,G
A,B,C,D,E,F,H,G
B,A,D,E,F,G,H,C
B,A,D,E,F,G,H,C
B,A,D,E,F,G,H,C
B,A,D,E,F,G,H,C
B,A,D,E,F,G,H,C
B,A,D,E,F,G,H,C
B,A,D,E,F,G,H,C
B,A,D,E,F,G,H,C
B,A,D,E,F,G,H,C
B,A,D,E,F,G,H,C
B,A,D,E,F,G,H,C
B,A,D,E,F,G,H,C
B,A,D,E,F,G,H,C
B,A,D,E,F,G,H,C
B,A,D,E,F,G,H,C
B,A,D,E,F,G,H,C
C,A,D,E,F,G,H,B
C,A,D,E,F,G,H,B
C,A,D,E,F,G,H,B
C,A,D,E,F,G,H,B
C,A,D,E,F,G,H,B
C,A,D,E,F,G,H,B
C,A,D,E,F,G,H,B
C,A,D,E,F,G,H,B
C,A,D,E,F,G,H,B
C,A,D,E,F,G,H,B
C,A,D,E,F,G,H,B
C,A,D,E,F,G,H,B
C,A,D,E,F,G,H,B
C,A,D,E,F,G,H,B